Nama Wilayah,,,,,,,,
,Garis Kemiskinan Menurut Kabupaten/Kota (Rupiah/kapita/bulan),,,,,,,
,2016,2017,2018,2019,2020,2021,2022,2023
ACEH,410956,435454,464626,486935,522126,541109,579227,627534
Simeulue,326563,350622,368068,404739,444754,458896,493303,538693
Aceh Singkil,368968,406015,427804,450217,473983,487249,518951,568691
Aceh Selatan,304466,332177,351288,369107,405786,418689,446224,494565
Aceh Tenggara,221799,250854,340196,357015,392493,404725,430825,471301
Aceh Timur,350186,369911,398493,417715,440455,460422,491550,530934
Aceh Tengah,397859,427170,445250,468577,492227,505933,533810,584863
Aceh Barat,441909,446614,447089,471058,517264,533712,558638,616091
Aceh Besar,384545,398752,422051,447563,477938,489498,519320,564431
Pidie,393370,408150,435873,462059,493145,504452,535713,579450
Bireuen,317562,335314,358399,393198,410203,422685,451163,486667
Aceh Utara,301733,318729,340086,353856,375394,392412,420615,454361
Aceh Barat Daya,306930,329543,340903,358059,393640,406157,430297,474127
Gayo Lues,301546,323482,368583,387893,425529,438689,470221,514836
Aceh Tamiang,368691,389459,420841,437991,459387,479801,508599,555387
Nagan Raya,374236,400811,426827,446144,493121,508801,544300,594374
Aceh Jaya,331940,356060,373690,391677,428094,441706,468854,515244
Bener Meriah,363796,383289,413208,431643,457916,476074,512111,551868
Pidie Jaya,399377,429966,448201,455995,481308,495254,523239,572452
Kota Banda Aceh,541732,572295,607391,628493,674977,698617,737016,814530
Kota Sabang,492787,523705,552272,563100,599381,620373,660573,715446
Kota Langsa,323246,347056,371267,380906,407421,435438,469348,512319
Kota Lhokseumawe,319988,343558,367525,376832,401158,427045,460583,498431
Kota Subulussalam,250408,273370,315453,351093,400517,418643,444818,487777
SUMATERA UTARA,388156,411345,435970,466122,502904,525756,561004,602999
Nias,330111,346374,353141,361698,405355,428739,454570,485533
Mandailing Natal,304669,319777,336820,356058,400721,423017,450345,487436
Tapanuli Selatan,326321,340065,343407,364798,397363,420431,445612,480834
Tapanuli Tengah,353753,367687,369471,376474,406646,429050,450940,489760
Tapanuli Utara,325606,344644,357464,377948,406813,437428,466316,499881
Toba Samosir,326501,345591,352860,373020,404864,435332,465681,496950
Labuhan Batu,333144,352622,368357,389402,425035,457021,489503,524240
Asahan,292030,305868,315420,330460,351314,377752,397944,427293
Simalungun,315947,331860,342477,359540,387549,416714,441744,467926
Dairi,293666,310836,325176,341511,380275,408893,436713,463360
Karo,400261,423663,437702,460870,500921,531519,563660,606244
Deli Serdang,347030,363371,381173,390440,413202,428123,448489,479509
Langkat,348205,364517,382536,392050,412422,432371,453383,483543
Nias Selatan,238119,249225,261104,279468,312453,329308,350452,379929
Humbang Hasundutan,301663,313545,329189,336500,374768,397237,419180,451625
Pakpak Bharat,248835,256781,283258,287654,311584,332644,357844,384812
Samosir,271619,287857,299640,315825,341843,370082,396267,425875
Serdang Bedagai,336478,350892,361623,382283,416991,448372,478072,503955
Batu Bara,347533,363741,381651,408417,452393,477564,508524,556529
Padang Lawas Utara,278290,291036,321076,342885,380379,401435,430944,467457
Padang Lawas,268922,281464,310569,332350,367932,388404,418610,449217
Labuhan Batu Selatan,330874,346305,355517,368205,404819,426574,448994,486275
Labuhan Batu Utara,361017,378024,395696,422063,471678,497922,527922,573783
Nias Utara,370371,381696,383552,390564,429836,455118,474533,501443
Nias Barat,352570,361397,386431,393450,433249,458533,487469,520543
Kota Sibolga,391681,413454,415478,425236,453786,485527,516367,568188
Kota Tanjung Balai,345900,374442,397647,421671,444125,482602,515456,554065
Kota Pematang Siantar,429365,464794,474084,502726,536486,583588,631886,670183
Kota Tebing Tinggi,383650,415307,426469,460533,493227,536531,578512,623531
Kota Medan,460685,491496,518420,532055,553796,577126,607166,651901
Kota Binjai,343078,371387,380792,403798,433746,466554,499451,538638
Kota Padangsidimpuan,326579,348074,363468,382884,417455,453777,480196,523244
Kota Gunungsitoli,304727,318585,327303,339671,370967,408190,426349,459787
SUMATERA BARAT,425141,453612,476554,503652,544315,568703,610941,667925
Kepulauan Mentawai,263793,280695,294284,310033,340191,356403,386152,421113
Pesisir Selatan,366228,390955,409882,431817,467743,491573,526564,554057
Solok,376748,400887,408570,415649,451906,461030,484358,532900
Sijunjung,344153,365074,379046,400861,433147,455346,484572,529460
Tanah Datar,346267,361037,369833,379041,420049,441793,466907,515587
Padang Pariaman,374636,385736,402960,411182,455463,475342,499461,548147
Agam,315804,327004,341372,379304,424728,444711,485222,530290
Lima Puluh Kota,357824,370506,388689,403030,451295,475123,504670,553068
Pasaman,307552,320478,334800,347153,388726,408293,431915,472703
Solok Selatan,326733,347667,364498,387438,419442,438187,470090,516004
Dharmasraya,374642,398408,414096,439117,477421,503183,530693,581058
Pasaman Barat,367159,382820,402877,417742,467769,492467,544829,596225
Kota Padang,449658,482763,507042,534857,570654,602540,634581,698720
Kota Solok,385781,413297,414673,440618,450254,464977,491488,538682
Kota Sawah Lunto,318721,337682,354665,374615,399688,412757,443301,487610
Kota Padang Panjang,420981,424298,438075,450377,491142,516648,543609,599681
Kota Bukittinggi,420478,441087,459371,475755,519470,540457,570032,619896
Kota Payakumbuh,424233,441736,462243,482184,526490,543335,573234,616357
Kota Pariaman,392970,412231,431368,446514,480028,495386,522932,576455
RIAU,426001,456493,479944,500612,544057,565937,605912,658611
Kuantan Singingi,468199,497747,521591,545403,580453,599163,638678,693493
Indragiri Hulu,419737,432589,457871,474298,522110,549563,584910,626671
Indragiri Hilir,315988,368134,435202,450728,495305,518283,568879,597122
Pelalawan,473240,487648,515581,534078,585728,618738,655641,689786
Siak,391039,414501,431814,443868,473128,489467,518768,558867
Kampar,375716,398138,419306,434601,460991,477603,502670,547696
Rokan Hulu,420884,446901,467343,488401,532643,551351,585225,647599
Bengkalis,455021,496657,508633,533123,581416,604925,648933,713826
Rokan Hilir,345953,367338,371067,388701,418473,437398,465614,511610
Kepulauan Meranti,427938,445025,462535,483377,520955,542599,568639,623576
Kota Pekanbaru,435082,473788,499852,516368,589281,613183,655389,712000
Kota Dumai,369624,403244,418597,439152,484609,509002,543182,601348
JAMBI,371875,389596,426251,448509,483542,506355,545870,599688
Kerinci,285406,309941,333978,356059,385571,396168,443408,485838
Merangin,325181,347523,374250,406466,440156,453696,489880,537492
Sarolangun,386460,393344,403411,424223,459092,472866,497951,545939
Batang Hari,341320,365365,394438,420227,450233,462468,497857,540168
Muaro Jambi,255918,295983,353583,375372,409104,425294,462035,535244
Tanjung Jabung Timur,322389,338963,361574,374735,392778,406772,468201,514905
Tanjung Jabung Barat,303479,314436,348495,364012,396113,409631,453956,499318
Tebo,338160,363698,379390,404473,435523,448461,485883,528310
Bungo,292573,310428,366226,390439,422801,436020,470545,517119
Kota Jambi,397088,413722,466854,488034,529090,563403,605556,667447
Kota Sungai Penuh,317556,334856,351391,373673,401966,426380,450708,491568
SUMATERA SELATAN,351984,370060,397150,410532,439041,457455,485069,520754
Ogan Komering Ulu,365341,380254,415785,428200,457452,481139,511887,548200
Ogan Komering Ilir,295852,310341,333505,347121,375837,393240,416417,444881
Muara Enim,316729,331554,353012,367761,390342,405782,426216,467396
Lahat,369359,385525,419658,428309,457569,485142,513085,547203
Musi Rawas,377135,392740,427595,437854,467766,493675,524110,564151
Musi Banyuasin,412591,430771,466822,486476,519797,537774,566393,593258
Banyu Asin,337391,353914,381437,397496,429816,445089,477393,509264
Ogan Komering Ulu Selatan,273594,286157,310717,319333,341148,359859,379854,413228
Ogan Komering Ulu Timur,274608,285970,312340,321629,343601,362446,383463,410548
Ogan Ilir,367067,386740,416098,433616,469746,492537,523864,571657
Empat Lawang,269211,280350,306546,315699,341007,360378,384199,411191
Penukal Abab Lematang Ilir,330907,346448,377160,388208,412236,435379,458746,487341
Musi Rawas Utara,401205,417805,456844,470485,504598,532273,565070,604903
Kota Palembang,456225,480735,510994,521489,548563,567518,597136,643356
Kota Prabumulih,466459,493871,530748,541648,569769,592210,623429,649951
Kota Pagar Alam,289493,299982,324025,328745,342738,356287,370417,408917
Kota Lubuklinggau,417192,435956,470897,477756,495213,516763,541784,583867
BENGKULU,416427,450648,481425,499660,527031,548934,590754,637142
Bengkulu Selatan,323991,346595,364888,377823,394513,408904,435955,467762
Rejang Lebong,382027,408680,434643,449999,472555,487490,530029,566433
Bengkulu Utara,333311,356566,359264,369367,387881,398746,423857,459171
Kaur,289374,310047,317558,322815,338451,350794,371660,415715
Seluma,332483,355680,377647,386321,400090,414446,444931,478617
Mukomuko,365084,388823,411795,426737,448127,464473,494426,534660
Lebong,339045,362700,389973,404368,424637,440127,472738,507046
Kepahiang,323333,348238,361281,374568,396184,410569,433660,465292
Bengkulu Tengah,342162,366034,389821,406137,431688,447435,512084,549468
Kota Bengkulu,535893,584265,642314,660442,702578,740612,785905,810507
LAMPUNG,364922,384882,402307,418309,453733,471439,514039,559011
Lampung Barat,371926,382576,391444,400662,443313,457478,495283,530803
Tanggamus,332302,341443,351167,359580,397984,410510,430697,463925
Lampung Selatan,346457,360594,375868,389236,422328,439421,470857,508494
Lampung Timur,331765,342295,352173,360610,398298,411200,433965,465856
Lampung Tengah,362475,373980,385132,394338,436777,450232,474289,503645
Lampung Utara,369628,379962,390927,400248,441045,451876,475290,510098
Way Kanan,313733,323691,333033,341012,377712,389088,409522,433471
Tulangbawang,362185,373681,384465,393676,438744,456567,486739,522396
Pesawaran,330874,347215,360909,372649,403441,420032,452521,491249
Pringsewu,379279,398830,408174,422691,458627,475983,511679,555787
Mesuji,353477,360105,370497,382020,423133,436653,459977,525183
Tulang Bawang Barat,358939,370332,384933,391096,432693,447327,476712,511418
Pesisir Barat,371724,390885,393302,407290,441917,460090,496629,545538
Kota Bandar Lampung,502968,540679,562277,588177,634743,654576,698598,761790
Kota Metro,331201,346491,360656,371636,406351,417861,449415,480830
KEP. BANGKA BELITUNG,534229,587530,631467,677716,721455,752203,801437,874204
Bangka,427684,475024,497164,541925,577093,595429,639535,685810
Belitung,610072,652989,704855,766276,812321,830484,860629,896948
Bangka Barat,440850,497567,520642,549496,589894,599887,635861,681517
Bangka Tengah,586445,653308,680907,693842,721331,735479,773509,814969
Bangka Selatan,415359,462716,483823,523155,561617,581970,621629,669016
Belitung Timur,528572,563309,622396,684277,725395,798017,854534,899482
Kota Pangkal Pinang,604011,654044,700949,748487,795653,808839,858840,894224
KEPULAUAN RIAU,490157,513237,559291,594059,614727,642425,684070,742526
Karimun,338341,354526,360087,376853,411052,422961,446856,468332
Bintan,341812,354012,367294,384396,417654,424426,447933,474674
Natuna,302043,332248,362519,378573,408164,420503,449302,480103
Lingga,387244,395089,411387,429764,472384,484088,507223,540936
Kepulauan Anambas,341556,356046,366917,382449,416877,429475,452220,481718
Kota Batam,565380,591589,650406,686956,707856,740109,783730,854465
Kota Tanjung Pinang,582414,598631,625473,659170,691738,719776,764410,771584
DKI JAKARTA,510359,536546,593108,637260,680401,697638,738955,792515
Kepulauan Seribu,520073,552622,576713,629315,661852,670785,701088,743820
Kota Jakarta Selatan,594380,620712,680167,729256,782731,792684,842630,891580
Kota Jakarta Timur,433405,455584,502152,539510,581954,594849,630842,669713
Kota Jakarta Pusat,503304,524750,580080,625177,672328,689379,733176,784679
Kota Jakarta Barat,421968,443561,490331,517646,557803,570330,599514,657247
Kota Jakarta Utara,441617,463787,512689,549506,594240,609310,645431,684557
JAWA BARAT,324992,344427,367755,386198,410988,427402,452580,495229
Bogor,317430,337550,359787,373799,402877,418483,443787,482174
Sukabumi,270055,284603,302213,309676,328284,342094,357636,392705
Cianjur,304255,320390,340882,350760,371699,387631,406829,437327
Bandung,297483,310569,334929,345177,367403,378819,398884,426069
Garut,256770,267252,282683,301202,310437,320050,335134,367681
Tasikmalaya,274470,284462,306759,311848,323880,333909,347917,378958
Ciamis,319150,334038,357382,363750,378108,389676,405294,442108
Kuningan,289901,302061,332483,340775,352358,358069,371665,402767
Cirebon,333758,346240,370747,381372,393452,404635,416914,451853
Majalengka,393071,409559,440776,445184,453201,466813,483319,520713
Sumedang,295009,307394,334743,342073,353092,360054,371870,396573
Indramayu,397196,413857,447378,458240,474807,481754,499805,532545
Subang,303583,316317,331557,339607,351885,360691,372308,404320
Purwakarta,312499,325607,352061,367273,378287,387754,403663,434187
Karawang,386282,408579,433972,440347,466152,494201,521158,555889
Bekasi,416058,434112,463507,481732,518667,549875,579221,632811
Bandung Barat,294823,309304,329415,341307,362212,374470,393956,426355
Pangandaran,327399,342672,360960,367748,382264,394101,411174,447242
Kota Bogor,416779,450078,480749,513343,547399,571425,608949,661384
Kota Sukabumi,441948,470133,497995,520742,547415,567734,594118,644276
Kota Bandung,400541,420579,448902,474448,500452,515396,545675,591124
Kota Cirebon,373866,392725,426738,444574,457954,467248,485613,520579
Kota Bekasi,521813,544534,582723,617718,657953,692885,731392,795965
Kota Depok,522934,556470,615255,644860,688194,705084,744771,804984
Kota Cimahi,411665,433759,462969,484804,511375,522281,549450,590197
Kota Tasikmalaya,397215,416837,447008,457899,470150,480341,498711,537497
Kota Banjar,289369,305603,324958,334590,344363,357210,373510,408710
JAWA TENGAH,317348,333224,350875,369385,395407,409193,438833,477580
Cilacap,292525,307041,320106,337572,351735,363367,384955,419429
Banyumas,344514,357748,366442,385140,406250,417086,441520,479027
Purbalingga,301862,313343,324735,355702,375199,384183,407849,439208
Banjarnegara,252328,264387,278210,301792,318334,328679,351333,380046
Kebumen,313881,325819,342437,362847,380557,390599,416004,451678
Purworejo,313931,325871,335995,345458,364289,376127,393731,427622
Wonosobo,297422,308553,323490,340827,362683,373474,399180,425105
Magelang,271800,281237,296327,325921,342430,353608,377497,411129
Boyolali,283921,293405,304575,332996,347520,361922,383030,420339
Klaten,364240,376305,397447,405537,419510,436896,458872,488102
Sukoharjo,327217,337037,345363,377319,393776,410273,434318,476675
Wonogiri,275507,284710,293357,327364,341643,356728,376763,414901
Karanganyar,329531,340538,348896,365151,385563,401542,424677,465703
Sragen,283649,292544,312106,335334,348890,363349,389265,426482
Grobogan,333009,345379,366192,375521,395001,404456,428597,464614
Blora,279972,291114,308520,335837,353259,363649,390478,425135
Rembang,338986,354440,365443,384561,403932,414977,441482,477514
Pati,377442,393817,414316,423922,445913,458616,486855,532545
Kudus,356951,373224,393078,406470,429666,450992,482806,520830
Jepara,341754,355607,371296,386693,407056,419028,442618,479131
Demak,356919,371525,402211,411202,432533,445176,471818,511145
Semarang,307505,317935,341576,377674,404455,416395,459151,498952
Temanggung,268730,277707,287981,310176,323705,336034,354012,388369
Kendal,323078,335497,353127,369769,396691,407387,433864,465936
Batang,240541,249292,256549,286116,309202,318330,341252,378858
Pekalongan,341648,354435,361297,382832,403662,416779,441765,480934
Pemalang,319434,331584,351183,372115,389209,401857,429549,467204
Tegal,308270,319758,332298,365334,390520,404655,434638,470728
Brebes,364059,382125,405932,414642,431897,445853,472326,513339
Kota Magelang,425191,450908,476582,481282,522099,537783,575130,602794
Kota Surakarta,430293,448062,464063,473516,487445,511216,538441,600953
Kota Salatiga,345146,359944,380856,418955,454154,480903,518815,565031
Kota Semarang,382160,402297,427511,474930,522691,543929,589598,642456
Kota Pekalongan,375600,390555,415172,425026,460789,480415,513243,565998
Kota Tegal,395631,418845,455488,465047,502031,523413,565826,623617
D I YOGYAKARTA,354084,374009,409744,432026,463479,482855,521673,573022
Kulon Progo,297353,312403,323105,333781,353807,360202,381666,416870
Bantul,332057,347476,369480,381538,405613,418265,445511,488340
Gunung Kidul,264637,277261,288748,301125,319851,325907,350739,382249
Sleman,334406,351331,370127,382868,411610,422933,450763,491652
Kota Yogyakarta,401193,423815,467061,495562,533423,556674,601905,662267
JAWA TIMUR,321761,342092,373574,397687,416001,429133,460909,507286
Pacitan,239339,250942,268592,283321,296271,309655,327758,352606
Ponorogo,266312,279168,297467,313175,326205,341090,362461,395069
Trenggalek,275426,288779,308644,323787,340915,358831,381448,411527
Tulungagung,304518,314532,328640,341651,362213,374183,391888,423875
Blitar,272358,285474,305440,318534,325675,335573,355511,387733
Kediri,272374,281012,294098,305491,324215,335990,353033,385874
Malang,282933,294904,314550,329512,338156,348695,367579,399647
Lumajang,258840,267366,281461,296633,318196,334906,352776,386995
Jember,299823,310650,324174,339685,365295,380397,400961,441171
Banyuwangi,311722,319236,339891,353873,373679,387084,414879,448928
Bondowoso,331975,343124,363443,380350,408352,423150,449760,494000
Situbondo,270406,276924,294209,305280,322527,336040,356133,396587
Probolinggo,373569,384343,402532,417991,441258,451395,475713,514274
Pasuruan,306311,315145,331057,335653,355299,368686,394016,429624
Sidoarjo,394401,414479,437899,462738,486421,502524,523213,571696
Mojokerto,330940,345487,370610,394003,406043,417784,445608,486520
Jombang,337217,353456,374895,399633,410116,421172,448830,488754
Nganjuk,341653,358216,388186,408160,428882,446232,474429,513565
Madiun,294451,306769,327536,344994,364638,380287,405127,437296
Magetan,288246,297874,319909,336989,354936,371182,396696,431203
Ngawi,264706,277539,301158,325235,342556,358663,382301,413947
Bojonegoro,295250,309564,330544,347786,362383,380653,403403,435936
Tuban,294543,308822,328268,348503,371465,388176,421287,454336
Lamongan,321002,335783,360444,380220,397980,419309,446601,481969
Gresik,393447,414261,438704,466154,492628,505499,536544,588316
Bangkalan,334338,349073,369455,389170,418908,432046,458754,503207
Sampang,296268,307606,325825,346075,374908,391032,411661,454716
Pamekasan,292631,302431,317144,332775,357074,368259,392345,431127
Sumenep,301781,313330,340033,357473,382491,400960,427882,471860
Kota Kediri,400096,420712,453807,471893,493438,506936,537326,587723
Kota Blitar,356147,383021,425832,456778,465868,481229,517363,568280
Kota Malang,426527,454061,507114,543966,554791,570238,609612,674660
Kota Probolinggo,418480,437392,479267,501505,524528,545955,575195,628380
Kota Pasuruan,362224,378593,415171,434435,441531,461624,486893,529512
Kota Mojokerto,364021,391489,437231,467997,482016,493452,531804,581006
Kota Madiun,376956,404959,446525,478304,497628,514409,551620,605131
Kota Surabaya,438283,474365,530178,567474,592137,611466,652540,718370
Kota Batu,398401,424354,467073,501016,509886,522819,564010,613985
BANTEN,367949,386753,431069,462726,508091,530363,570368,618721
Pandeglang,267752,285822,310859,326517,361713,390754,416248,455297
Lebak,246389,261880,283901,298201,334509,358479,380681,419066
Tangerang,405902,423486,451325,476636,520742,545065,576122,604362
Serang,256660,269652,294829,309036,341074,362102,385864,425751
Kota Tangerang,496349,508551,556782,584318,632835,655061,695225,746468
Kota Cilegon,347949,373147,428867,459469,504571,540032,572780,632703
Kota Serang,281926,296819,350237,379641,411595,431210,460613,511575
Kota Tangerang Selatan,472968,494784,549150,593781,643083,665610,712717,782543
BALI,338967,361387,382598,400624,429834,452221,485022,529643
Jembrana,354901,374057,385959,390102,403462,434839,458214,496435
Tabanan,392479,412561,422345,425926,450571,488750,522520,562801
Badung,470732,500885,534069,547186,587737,613993,633769,688018
Gianyar,339414,358496,378561,382380,400079,407945,434163,468307
Klungkung,284789,299664,310764,312864,318139,342043,359415,384983
Bangli,305200,321674,327668,329014,346458,370732,401650,436928
Karang Asem,288436,301720,311321,315805,330441,354123,376229,404083
Buleleng,350902,372399,395678,401377,424602,461018,496390,537262
Kota Denpasar,483821,512947,545357,571246,618064,662499,712815,778203
NUSA TENGGARA BARAT,333996,345341,365901,384880,404941,423505,459826,498996
Lombok Barat,375684,390979,412487,431862,439595,466495,503509,546421
Lombok Tengah,357337,369645,386676,404633,421439,447200,480657,520852
Lombok Timur,382861,396668,414721,430727,447263,472304,503525,546404
Sumbawa,296914,300643,320617,340254,369115,376307,404396,441977
Dompu,263458,266483,284188,328740,362142,370120,404413,442451
Bima,282854,288703,308695,327602,356352,363228,395040,429327
Sumbawa Barat,435890,444465,459065,468122,489863,499013,518619,565599
Lombok Utara,387265,398702,416705,437543,451721,478906,514755,556462
Kota Mataram,414115,428754,457950,480304,499959,524762,562661,616536
Kota Bima,293048,299346,323187,352593,383161,399193,432959,471841
NUSA TENGGARA TIMUR,322947,343396,354898,373922,403005,415116,460823,507203
Sumba Barat,290944,315066,326334,331713,358252,364361,395592,422382
Sumba Timur,295684,320199,331295,343589,370487,375859,414832,443502
Kupang,309208,325677,336984,356463,379600,386577,425750,471901
Timor Tengah Selatan,276727,293617,302124,318986,338099,344239,382167,420783
Timor Tengah Utara,316487,335517,343965,363162,386990,394818,440155,485744
Belu,300914,319280,330944,349414,372087,379280,416519,459111
Alor,268450,287878,305853,311560,336402,364939,400858,438013
Lembata,309992,335693,353957,359792,388577,421901,464542,508575
Flores Timur,246851,267317,281757,279268,301611,329340,364117,405486
Sikka,266257,288332,298357,301994,324775,354234,389455,428352
Ende,315095,341219,358986,363508,392591,428328,473403,518939
Ngada,291602,315778,331266,336601,363531,396506,435916,477840
Manggarai,283439,306419,311833,316910,340633,371531,407261,443908
Rote Ndao,279079,283704,287867,305166,322619,341135,372179,410491
Manggarai Barat,282412,304277,313380,318546,340094,370943,405746,444474
Sumba Tengah,250589,271365,280425,285048,307853,311199,341513,362089
Sumba Barat Daya,313705,338742,350906,355252,383674,390217,432375,475879
Nagekeo,292032,316717,323316,328646,353481,386027,422982,472041
Manggarai Timur,276703,299530,313593,318762,344642,373972,411670,446504
Sabu Raijua,332332,354983,368187,374256,403846,438492,480844,526831
Malaka,302584,321052,330899,348919,371812,378824,419292,458399
Kota Kupang,482857,504179,518095,545219,587921,599880,648982,732921
KALIMANTAN BARAT,347880,377219,409287,438555,471200,483454,520660,563288
Sambas,345066,369202,407346,427240,438062,451173,472079,498209
Bengkayang,291430,311815,339891,357112,365755,372793,396037,416148
Landak,300123,320600,351942,374117,385314,395486,414536,451681
Pontianak,292129,318682,337350,360962,379808,387948,414334,444790
Sanggau,265067,283608,312909,328763,346983,363714,395305,416112
Ketapang,366250,391868,432354,454160,468450,482824,499724,539108
Sintang,446381,477604,551704,556885,573128,593844,620670,644010
Kapuas Hulu,369981,384275,430652,452471,465360,481826,508087,543301
Sekadau,269324,288162,313930,329835,339456,351726,370836,392195
Melawi,431660,461462,509138,534933,550535,570434,602209,640608
Kayong Utara,244046,260114,287078,302811,311643,321356,339089,365262
Kubu Raya,329511,359461,377302,401586,423430,431211,457367,492642
Kota Pontianak,427783,439648,483618,523736,567432,578615,622735,677512
Kota Singkawang,387801,410717,464673,492131,510596,527892,552823,588561
KALIMANTAN TENGAH,373484,401537,413529,438248,485635,506982,548816,596184
Kotawaringin Barat,319064,338230,344337,360942,397883,418388,476297,513949
Kotawaringin Timur,353640,381776,393474,416777,446039,467551,510290,547170
Kapuas,266943,283222,291820,305809,332999,345272,424066,485958
Barito Selatan,355341,377932,389405,408072,433787,450706,481352,512492
Barito Utara,420100,446807,450936,472552,504430,525236,563393,590832
Sukamara,418026,427101,442086,469353,522601,568578,619116,648534
Lamandau,380888,409912,411088,430656,479514,539744,588591,634710
Seruyan,387592,415798,428539,454971,504264,529892,571049,608186
Katingan,387848,412113,420418,434609,474056,498487,553082,589596
Pulang Pisau,335165,347878,349978,365674,395989,411258,454933,507058
Gunung Mas,365198,388415,388864,403045,438881,456984,479550,526341
Barito Timur,442068,467091,478510,487185,517183,534896,571786,623053
Murung Raya,402682,421903,442639,462334,492693,510939,550105,607650
Kota Palangka Raya,324082,345417,353853,379420,435008,456276,485800,530223
KALIMANTAN SELATAN,377480,402424,427774,457222,497262,519150,553073,604266
Tanah Laut,400757,425152,447212,480010,522845,537854,575061,620532
Kota Baru,369147,384977,401300,416388,466121,481452,505601,556962
Banjar,360494,381862,400081,429422,462375,482867,514991,561521
Barito Kuala,274571,291285,297199,318995,340526,355160,375707,417110
Tapin,369153,390488,405591,406367,446577,459160,484113,516532
Hulu Sungai Selatan,409235,431296,444455,461581,528622,494203,516857,547855
Hulu Sungai Tengah,322392,341024,354214,365008,417778,425438,444331,475655
Hulu Sungai Utara,385338,407608,420783,436997,488237,501994,526919,561429
Tabalong,406669,430129,446765,463980,531180,542800,573018,615912
Tanah Bumbu,408481,427852,451714,475763,513803,530568,557500,619249
Balangan,348442,368580,382835,396532,441488,453928,476190,508157
Kota Banjarmasin,417174,445428,477210,509773,543546,606330,651383,708617
Kota Banjar Baru,505380,539608,572195,614757,652030,653556,692830,753899
KALIMANTAN TIMUR,511205,548094,574704,609155,662302,689035,728208,790186
Paser,395803,433823,455635,477440,515414,527659,556371,600332
Kutai Barat,447311,485551,517621,542393,583532,598037,635478,679660
Kutai Kartanegara,424717,450581,485435,503968,548423,569640,605321,644570
Kutai Timur,470228,512345,543442,569449,610858,626492,659136,714241
Berau,465161,496385,502564,526615,568500,595550,624948,677819
Penajam Paser Utara,391083,426111,447539,466918,499807,513666,538022,583239
Mahakam Hulu,490563,534502,566944,588756,631517,644910,684644,740683
Kota Balikpapan,498721,530710,545971,572108,613622,657521,680499,743084
Kota Samarinda,566392,594645,616365,658307,719710,750055,784198,850842
Kota Bontang,513205,542985,549830,582188,636491,665572,697326,763661
KALIMANTAN UTARA,513614,552040,586049,651416,681035,710994,772914,817876
Malinau,516247,528287,539742,585654,616161,650444,692605,749933
Bulungan,383642,398397,413294,448548,472569,486524,514320,551925
Tana Tidung,354012,366856,376876,406949,425348,440599,462898,490400
Nunukan,351479,377736,403045,430630,450718,479712,519231,556342
Kota Tarakan,519774,572213,613593,654308,696585,711268,773446,819621
SULAWESI UTARA,317478,333510,344418,371283,391197,410805,427016,463432
Bolaang Mongondow,277338,287751,295834,315400,325227,343302,355639,394032
Minahasa,249736,255535,261388,275444,285596,299072,308634,338802
Kepulauan Sangihe,232736,240321,250475,263268,272971,283852,292549,313945
Kepulauan Talaud,246757,257294,265839,284681,294686,308395,319974,352120
Minahasa Selatan,283561,296600,303738,324860,336715,352603,365119,394739
Minahasa Utara,282494,294308,300764,321679,333535,347938,362428,391699
Bolaang Mongondow Utara,223588,230974,238645,254835,264227,275369,283627,316327
Siau Tagulandang Biaro,264632,276800,284021,302736,312581,327263,339250,370423
Minahasa Tenggara,285791,298736,305919,325896,332966,346746,356988,385636
Bolaang Mongondow Selatan,276229,288862,295875,316305,327648,345819,358465,397381
Bolaang Mongondow Timur,282240,293187,302924,323989,335241,353872,368578,411409
Kota Manado,334732,353018,364820,396196,424473,449679,475683,521012
Kota Bitung,337674,356120,368574,391479,416993,434642,458983,501139
Kota Tomohon,336266,354635,363856,394584,422746,440680,461424,508251
Kota Kotamobagu,274103,289077,298742,323292,343675,363777,385962,426174
SULAWESI TENGAH,375659,391763,413785,441036,474627,496872,530251,568248
Banggai Kepulauan,290742,300753,317475,338815,364025,373799,396904,432673
Banggai,344795,352840,373695,395700,417863,431639,457335,488788
Morowali,379001,381753,402292,428744,463140,478409,507523,553185
Poso,416003,429161,449834,477801,515435,530022,561276,599881
Donggala,281374,291011,308212,336404,360483,369784,395028,421493
Toli-Toli,272499,281882,299052,317448,343770,354427,378317,405556
Buol,304085,314556,332163,351135,375794,387444,410824,438363
Parigi Moutong,354554,366762,388440,414380,444258,458385,495623,531255
Tojo Una-Una,404437,417508,442186,472245,504889,521534,547910,597788
Sigi,283227,299261,316949,344631,370788,382579,409679,445106
Banggai Laut,296716,306611,324734,335604,359768,366005,384686,424660
Morowali Utara,379736,392811,412942,441554,474170,486511,519441,556204
Kota Palu,451437,473555,492085,522444,559246,571605,604280,632261
SULAWESI SELATAN,270601,283461,306545,329880,350264,372491,399755,436025
Kepulauan Selayar,296540,310978,348608,370380,396822,406732,430976,453432
Bulukumba,274318,284108,310753,330161,351180,369022,390040,406882
Bantaeng,223408,234286,260263,309357,340890,363342,394116,419677
Jeneponto,302113,315702,356319,359883,366453,374407,384299,405280
Takalar,286537,299721,335989,356973,364378,380564,399062,428941
Gowa,316428,333002,365503,385820,390917,408435,429222,456719
Sinjai,240245,250551,281301,294916,329819,352490,374226,397562
Maros,336579,348726,376749,405944,414324,424637,450275,510040
Pangkajene Dan Kepulauan,256549,268367,300219,322958,358061,368096,389613,416815
Barru,280316,289371,307904,322248,337047,351924,368150,400702
Bone,260552,272555,309076,325422,345009,360177,380513,408244
Soppeng,220192,225936,253457,297546,315455,341484,365650,398802
Wajo,258821,264376,297121,311017,350765,361181,375022,402351
Sidenreng Rappang,271301,276558,299332,312800,349452,360591,383134,421321
Pinrang,250163,256054,280746,294349,336346,345892,366808,400091
Enrekang,275971,283653,312674,331667,338731,352147,371669,408198
Luwu,271804,281195,305722,318911,347539,359925,381015,414118
Tana Toraja,251452,261573,299570,316911,336877,350220,366753,399202
Luwu Utara,288081,299339,329967,342277,354669,368716,382251,414548
Luwu Timur,277520,289214,315478,333739,350576,371947,394158,438178
Toraja Utara,393478,408827,309806,314426,328096,348611,364343,395731
Kota Makassar,347723,366430,386545,418831,442513,475444,511081,570286
Kota Parepare,281951,292685,308337,323839,363710,383471,402126,445032
Kota Palopo,261056,274319,292602,324233,362859,383007,403144,442276
SULAWESI TENGGARA,277288,285609,303618,327402,356444,378589,404137,443980
Buton,209245,211485,233201,254013,262541,270212,279627,302183
Muna,289049,296383,314928,342948,358333,368922,387114,419071
Konawe,260264,267331,283109,293801,323180,343781,363645,400581
Kolaka,320897,327329,349388,370036,406919,432858,448100,464000
Konawe Selatan,195175,200663,219979,235654,261382,275339,294510,331620
Bombana,266717,270627,288201,308396,325949,346726,368576,406706
Wakatobi,234351,239819,256308,278929,294440,302511,319981,340151
Kolaka Utara,388041,406334,453994,454127,494836,506903,511972,517092
Buton Utara,275544,280974,306437,331555,345039,355288,373792,403834
Konawe Utara,232307,244391,260861,273544,305100,321986,340061,381620
Kolaka Timur,314387,323956,345216,369870,405341,431179,458563,513085
Konawe Kepulauan,263229,271241,294035,314815,335414,347332,370692,393000
Muna Barat,287403,297787,315009,342811,357477,367868,382129,412697
Buton Tengah,215822,220897,231289,251702,264699,273354,275058,299593
Buton Selatan,205287,213869,214859,235847,248184,253877,264666,290203
Kota Kendari,291069,301894,327976,350647,384379,423653,454846,503369
Kota Baubau,291873,297991,311509,329977,344598,360766,376932,412008
GORONTALO,284232,296730,316296,333070,368990,389827,411906,442194
Boalemo,332297,348581,368860,385122,426961,450724,472906,525007
Gorontalo,368863,382722,409179,425827,475102,502964,531294,568430
Pohuwato,238364,247476,263617,275240,309174,327587,345924,370530
Bone Bolango,327354,339614,363982,380029,424275,449543,475874,505252
Gorontalo Utara,238621,251054,267806,278746,311200,327531,346557,371302
Kota Gorontalo,437129,452758,482585,520095,569538,598363,643531,697650
SULAWESI BARAT,286840,302852,319121,328144,350743,364251,405187,433131
Majene,320726,335248,349522,360362,384344,399350,433111,461255
Polewali Mandar,337138,351856,366355,376827,401057,416443,452836,482658
Mamasa,226202,239112,249103,256544,273513,283758,312206,329768
Mamuju,223150,241616,252429,259969,277078,287896,319586,340795
Mamuju Utara,312474,328100,330226,332145,354115,367941,404318,432269
Mamuju Tengah,215769,226559,236699,239592,255440,265413,290030,309227
MALUKU,414302,436865,456457,508777,555197,587730,631326,684020
Maluku Tenggara Barat,319120,339801,398729,423823,479402,506106,546300,615768
Maluku Tenggara,350661,373386,436927,464649,517821,549047,595041,669140
Maluku Tengah,405118,424632,431512,474224,503800,515582,542782,589125
Buru,396313,415403,420083,463169,492055,503254,530858,584277
Kepulauan Aru,337180,352151,412665,438848,490565,516604,562416,626086
Seram Bagian Barat,334729,350853,359085,394628,419793,427355,449297,486747
Seram Bagian Timur,319266,334645,341261,375040,398430,403573,421902,458176
Maluku Barat Daya,352004,374816,441211,468842,521899,535594,586021,658036
Buru Selatan,514124,542036,542747,596469,628659,644441,677044,743721
Kota Ambon,486931,514690,532719,571315,596042,621482,661016,716560
Kota Tual,345670,372731,510231,535425,574105,600172,640542,722498
MALUKU UTARA,376554,390998,412266,444650,462639,489375,514383,564733
Halmahera Barat,293118,302921,316381,324849,339283,358707,379108,414870
Halmahera Tengah,397379,410708,429805,454180,466973,491657,507555,552350
Kepulauan Sula,315133,320854,337543,359497,372561,391912,414512,453476
Halmahera Selatan,266155,273849,290627,310161,324767,343323,362100,400768
Halmahera Utara,208832,215837,228092,238878,248544,263507,301041,378968
Halmahera Timur,494245,509725,510899,545238,569464,600339,624983,631233
Pulau Morotai,229343,236532,249242,265761,276746,291879,301712,379931
Pulau Taliabu,331968,342401,360955,387664,401710,425241,448735,491203
Kota Ternate,489810,514396,537524,578185,595553,629463,661459,668074
Kota Tidore Kepulauan,368796,387307,404721,435277,448352,472651,484983,540752
PAPUA BARAT,474967,499778,516362,573313,610888,631418,665604,728619
Fakfak,446531,473950,498184,544783,578510,596406,628418,671021
Kaimana,342293,363581,386576,412130,438991,450301,511011,609865
Teluk Wondama,456709,488233,508345,557702,588838,597676,614573,659187
Teluk Bintuni,549169,583323,587770,644838,683667,693305,716834,787048
Manokwari,517296,547494,575114,629074,651032,663438,690028,752635
Sorong Selatan,286318,297684,306803,323369,347898,358864,422694,506944
Sorong,316088,329106,339187,357900,379951,388166,466380,559363
Raja Ampat,305019,317416,326050,347203,374488,388021,464797,557107
Tambrauw,291576,308298,329708,362884,393268,399421,485342,528817
Maybrat,300860,319571,335912,359500,383715,396386,479977,515069
Manokwari Selatan,525241,557907,578734,635595,678494,686235,702674,719773
Pegunungan Arfak,552153,586493,589168,628281,670687,683722,706497,723662
Kota Sorong,625071,657148,668533,725117,765183,791155,827339,889486
PAPUA BARAT DAYA,-,-,-,-,20222,-,-,-
Raja Ampat,-,-,-,-,-,-,-,-
Sorong,-,-,-,-,-,-,-,-
Sorong Selatan,-,-,-,-,-,-,-,-
Maybrat,-,-,-,-,-,-,-,-
Tambrauw,-,-,-,-,-,-,-,-
Kota Sorong,-,-,-,-,-,-,-,-
PAPUA,427176,457541,499463,540099,562992,591959,629175,686469
Merauke,310420,342842,345965,346502,366296,387443,408710,434596
Jayawijaya,367804,406219,409846,420471,461058,501075,524173,566319
Jayapura,464519,489932,549489,589521,601005,624845,651581,706549
Nabire,520951,575361,579470,579753,612872,665325,705953,771751
Kepulauan Yapen,536501,592535,600161,618487,653819,688204,716343,757676
Biak Numfor,491278,521782,528498,543971,574402,602931,627921,657182
Paniai,418520,461606,465658,479877,512058,556861,591595,654960
Puncak Jaya,526756,581537,589022,604945,639503,708658,744762,823079
Mimika,634370,684282,762184,836301,870355,936862,1002327,1056252
Boven Digoel,406678,444813,452723,458012,486179,520245,550445,585228
Mappi,273699,300400,301237,330427,351801,375922,402212,427352
Asmat,316437,349487,354478,364728,383790,405368,424978,450237
Yahukimo,320783,338613,379628,414936,428433,466113,496222,549772
Pegunungan Bintang,431818,455819,511229,560354,580393,632210,692059,766275
Tolikara,228288,252132,371589,382936,404812,441994,472692,525770
Sarmi,399291,421484,472720,518491,535586,554491,584626,633124
Keerom,504460,532499,597230,655056,677050,704998,744805,807097
Waropen,567808,627112,632478,655060,691544,731467,769979,810167
Supiori,388523,429102,434625,447524,471401,498615,526482,554954
Mamberamo Raya,591595,658412,666886,683779,727830,769848,803286,834564
Nduga *,296287,327233,331445,341566,360779,392990,420185,475682
Lanny Jaya,405347,446061,451802,464328,490508,537322,564670,625677
Mamberamo Tengah,336736,370978,375753,388619,412574,449409,475436,526584
Yalimo,286170,316059,320971,330040,347171,378167,395868,434256
Puncak,545506,602481,611369,630074,664865,721541,754778,836828
Dogiyai,427149,471762,477674,492905,512654,557009,592213,653007
Intan Jaya,542007,598436,606138,627128,662465,725106,769993,853098
Deiyai,503898,556281,561857,579263,608868,627742,647902,709749
Kota Jayapura,805746,849496,944479,992610,1021759,1051297,1099019,1147265
PAPUA SELATAN,-,-,-,-,-,-,-,-
Merauke,-,-,-,-,-,-,-,-
Boven Digoel,-,-,-,-,-,-,-,-
Mappi,-,-,-,-,-,-,-,-
Asmat,-,-,-,-,-,-,-,-
PAPUA TENGAH,-,-,-,-,-,-,-,-
Mimika,-,-,-,-,-,-,-,-
Dogiyai,-,-,-,-,-,-,-,-
Deiyai,-,-,-,-,-,-,-,-
Nabire,-,-,-,-,-,-,-,-
Paniai,-,-,-,-,-,-,-,-
Intan Jaya,-,-,-,-,-,-,-,-
Puncak,-,-,-,-,-,-,-,-
Puncak Jaya,-,-,-,-,-,-,-,-
PAPUA PEGUNUNGAN,-,-,-,-,-,-,-,-
Nduga,-,-,-,-,-,-,-,-
Jayawijaya,-,-,-,-,-,-,-,-
Lanny Jaya,-,-,-,-,-,-,-,-
Tolikara,-,-,-,-,-,-,-,-
Mamberamo Tengah,-,-,-,-,-,-,-,-
Yalimo,-,-,-,-,-,-,-,-
Yahukimo,-,-,-,-,-,-,-,-
Pegunungan Bintang,-,-,-,-,-,-,-,-
